"","code","distance","line","mean","sd"
"1","7cl","c","l","92.0376549079083","14"
"2","8cl","c","l","107.685413829517","22"
"3","8cn","c","n","92.0376549079083","14"
"4","7cn","c","n","107.685413829517","22"
"5","7fl","f","l","92.0376549079083","22"
"6","8fl","f","l","107.685413829517","14"
"7","8fn","f","n","92.0376549079083","22"
"8","7fn","f","n","107.685413829517","14"
